{
  "waifuClick": [
    "是…是不小心碰到了吧",
    "萝莉控是什么呀",
    "你看到我的小熊了吗",
    "再摸的话我可要报警了！⌇●﹏●⌇",
    "110吗，这里有个变态一直在摸我(ó﹏ò｡)"
  ],
  "hoverTips": {
    "dressup": "要看看我的新衣服嘛 (●'◡'●)",
    "takephoto": "要给我拍张照嘛 (d<ゝω・）☆",
    "talk": "要听我讲故事么 ٩(๑•̀ω•́๑)۶",
    "close": "到了说再见的时候了么 (｡ŏ_ŏ)",
    "likeSite": "点赞什么的，人...人家才不稀罕呢 o(≧口≦)o",
    "panel": "点点看有惊喜哦 o(*￣▽￣*)ブ"
  },
  "clickTips": {
    "dressup": "我的新衣服漂亮么 (●'◡'●)",
    "takephoto": "我的照片要好好收藏哦 (<ゝω・）☆",
    "close": "人生若只如初见，和你在一起的这段时间很开心 (▰˘◡˘▰)"
  },
  "hitokotos": [
    {
      "hitokoto": "我只是做了我能做的事，没有时间想将来。",
      "from": "秒速五厘米"
    },
    {
      "hitokoto": "就算是自私…我也希望那些人能够永远都有笑容…",
      "from": "夏目友人帐"
    },
    {
      "hitokoto": "我到底要以怎么样的速度生活才能与你再次相遇？",
      "from": "秒速五厘米"
    },
    {
      "hitokoto": "我在时光斑驳深处，聆听到花开的声音。",
      "from": "未闻花名"
    },
    {
      "hitokoto": "不管是怎样的回忆，都是我们活过的人生。",
      "from": "angel beats"
    },
    {
      "hitokoto": "一直注视着你，似近似远，总是触碰不到。",
      "from": "来自风平浪静的明天"
    },
    {
      "hitokoto": "你的那双手呢，是为了紧紧抓住什么而存在的哦。",
      "from": "仰望半月的夜空"
    },
    {
      "hitokoto": "有伤害人的人存在的话，也会有能抚慰伤痕的人",
      "from": "水果篮子"
    },
    {
      "hitokoto": "当你想做一件事，却无能为力的时候，是最痛苦的。",
      "from": "高达SEED"
    },
    {
      "hitokoto": "即使从梦中醒来，还会有回忆留下。",
      "from": "AIR"
    },
    {
      "hitokoto": "我们的心就像那天空一样，永不分离。",
      "from": "缘之空"
    },
    {
      "hitokoto": "时间是伟大的作家，总会写下完美的结局。",
      "from": "秋之回忆"
    },
    {
      "hitokoto": "一定要保护自己的梦想，即使牺牲一切。",
      "from": "NANA"
    },
    {
      "hitokoto": "正因为生来什么都没有，因此我们能拥有一切。",
      "from": "游戏人生"
    },
    {
      "hitokoto": "我的愿望是—幸福地活着，幸福地死去。",
      "from": "神不在的星期天"
    },
    {
      "hitokoto": "假如我们相遇，肯定一眼就能认出彼此",
      "from": "你的名字"
    },
    {
      "hitokoto": "从小好女色的男人的想像力比不上狗。",
      "from": "寒蝉鸣泣之时"
    },
    {
      "hitokoto": "即使你忘记了我，我也不会遗忘你。",
      "from": "Re：从零开始的异世界生活"
    },
    {
      "hitokoto": "所谓的奇迹就是要发生之后才会有价值存在的吧",
      "from": "EVA"
    },
    {
      "hitokoto": "爱，其实很简单，困难的是去接受它。",
      "from": "通灵王"
    },
    {
      "hitokoto": "做出一副温柔的样子来折磨人不是更令人难受吗？",
      "from": "我的青春恋爱物语果然有问题"
    },
    {
      "hitokoto": "你的心可以属于耶稣，但你的屁股永远属于陆战队！",
      "from": "魔法少女陆战队"
    },
    {
      "hitokoto": "无论最终的结果是什么，只要这是自己选择的道路。",
      "from": "龙与虎"
    },
    {
      "hitokoto": "我们走过风走过雨，就是没能走进彼此的内心。",
      "from": "自分"
    },
    {
      "hitokoto": "已经无法回到过去了。也不知道将来会是什么模样。",
      "from": "文学少女"
    },
    {
      "hitokoto": "不论是过去还是未来，我都会保护你！",
      "from": "旋风管家"
    },
    {
      "hitokoto": "人生最糟糕的事，一个是饿肚子，一个是孤独。",
      "from": "夏日大作战"
    },
    {
      "hitokoto": "即使想放弃，也没法放弃最想要的东西，这就是人",
      "from": "悠久之翼"
    },
    {
      "hitokoto": "真正重要的东西，总是没有的人比拥有的人清楚。",
      "from": "银魂"
    },
    {
      "hitokoto": "死亡只要在人生的终点尝试一次就够了~",
      "from": "Re：从零开始的异世界生活"
    },
    {
      "hitokoto": "因为我喜欢你，喜欢得想吃掉你啊！",
      "from": "有顶天家族"
    },
    {
      "hitokoto": "彼方为谁，无我有问 ；九月露湿，待君之前",
      "from": "你的名字"
    },
    {
      "hitokoto": "命运的红线一旦断了，就再也不会接上。",
      "from": "犬夜叉"
    },
    {
      "hitokoto": "我会继续等着你，就算是一万二千年。",
      "from": "创圣的大天使EVOL"
    },
    {
      "hitokoto": "红茶的温度和女人心在任何时代都是难以琢磨呢。",
      "from": "海猫鸣泣之时"
    },
    {
      "hitokoto": "前天是小兔子,昨天是小鹿,今天是你",
      "from": "CLANNAD"
    },
    {
      "hitokoto": "即使你已经习惯了受伤害，也有人看了会心疼的。",
      "from": "我的恋爱物语果然有问题"
    },
    {
      "hitokoto": "Time waits for no one.",
      "from": "穿越时空的少女"
    },
    {
      "hitokoto": "自杀是没有理由的，只是今天没有飞起来罢了。",
      "from": "空之境界"
    },
    {
      "hitokoto": "努力是不会背叛自己的，虽然梦想有时会背叛自己。",
      "from": "我的青春恋爱物语果然有问题"
    },
    {
      "hitokoto": "别人恋爱不成功，你连暗恋都不成功！",
      "from": "灌篮高手"
    },
    {
      "hitokoto": "不要哀求，学会争取；若是如此，终有所获。",
      "from": "交响诗篇"
    },
    {
      "hitokoto": "我觉得只要这样继续加油，总有一天能赶上他们的。",
      "from": "刀剑神域"
    },
    {
      "hitokoto": "美丽的不是这个世界，而是看世界的你的眼神。",
      "from": "吸血鬼骑士"
    },
    {
      "hitokoto": "只要努力活下去，总有一天会笑着回忆。",
      "from": "不可思议游戏"
    },
    {
      "hitokoto": "比自己，比梦想更重要的东西永远都存在着...",
      "from": "钢之炼金术师"
    },
    {
      "hitokoto": "只要一天活著,难过的事总有一天会让你笑著说出来。",
      "from": "天空之城"
    },
    {
      "hitokoto": "时间可以治愈？如果时间也病了怎么办",
      "from": "寒蝉明泣之时"
    },
    {
      "hitokoto": "人就是要以自卑为跳板才能跳得更高。",
      "from": "银魂"
    },
    {
      "hitokoto": "我动身踏上旅程，是为了与你道别。",
      "from": "追逐繁星的孩子"
    },
    {
      "hitokoto": "我是一个经常笑的人，可我不是经常开心的人。",
      "from": "未闻花名"
    },
    {
      "hitokoto": "干燥的冷气，尘埃的味道，我在其中……踏上旅途。",
      "from": "四月是你的谎言"
    },
    {
      "hitokoto": "时间可以治愈？如果时间也病了怎么办？",
      "from": "寒蝉鸣泣之时"
    },
    {
      "hitokoto": "只要有想见面的人，自己就不再是孤单一人。",
      "from": "夏目友人帐"
    },
    {
      "hitokoto": "呐，知道么，樱花飘落的速度，是每秒五厘米哦~",
      "from": "秒速五厘米"
    },
    {
      "hitokoto": "男生送的礼物要方便拿来换钱才好吧！",
      "from": "来栖加奈子"
    },
    {
      "hitokoto": "大部分人并不想长大，只是没办法继续当一个小孩子",
      "from": "小林家的龙女仆"
    },
    {
      "hitokoto": "贫乳是社会地位的象征。是具有稀有价值的！",
      "from": "幸运星"
    },
    {
      "hitokoto": "MAKE OUR DREAMS ALIVE",
      "from": "ラブライブ！"
    },
    {
      "hitokoto": "能够轻易就放弃的梦想，有存在的价值么？",
      "from": "守护甜心"
    },
    {
      "hitokoto": "真正重要的东西，永远都是非常简单的。",
      "from": "Clannad"
    },
    {
      "hitokoto": "因为无法再见面，所以要笑着说再见。",
      "from": "AIR"
    },
    {
      "hitokoto": "追逐梦想的人比抓住梦想的人更能发挥实力。",
      "from": "银魂"
    }
  ]
}
